{
  "env": "CartPole-v1",
  "episodes": 300,
  "total_steps": 21984,
  "lr": 0.03,
  "epsilon": 0.2,
  "method": "REINFORCE",
  "pre_train": {
    "avg": 14.3,
    "std": 14.913416778190035,
    "best": 59.0
  },
  "post_train": {
    "avg": 145.8,
    "std": 119.18148625800345,
    "best": 500.0
  },
  "improvement_pct": 919.6,
  "reward_curve": [
    10.0,
    10.0,
    13.0,
    10.0,
    11.0,
    10.0,
    16.0,
    12.0,
    9.0,
    10.0,
    15.0,
    51.0,
    10.0,
    9.0,
    15.0,
    9.0,
    43.0,
    21.0,
    49.0,
    10.0,
    10.0,
    13.0,
    16.0,
    49.0,
    13.0,
    10.0,
    11.0,
    63.0,
    10.0,
    9.0,
    9.0,
    11.0,
    10.0,
    12.0,
    68.0,
    10.0,
    9.0,
    48.0,
    68.0,
    10.0,
    15.0,
    10.0,
    10.0,
    151.0,
    10.0,
    10.0,
    10.0,
    9.0,
    13.0,
    43.0,
    81.0,
    76.0,
    38.0,
    107.0,
    72.0,
    117.0,
    51.0,
    87.0,
    187.0,
    75.0,
    54.0,
    108.0,
    66.0,
    79.0,
    43.0,
    76.0,
    173.0,
    64.0,
    131.0,
    81.0,
    113.0,
    44.0,
    118.0,
    50.0,
    40.0,
    88.0,
    78.0,
    63.0,
    91.0,
    55.0,
    61.0,
    51.0,
    75.0,
    125.0,
    131.0,
    66.0,
    36.0,
    44.0,
    80.0,
    127.0,
    174.0,
    175.0,
    165.0,
    63.0,
    89.0,
    95.0,
    52.0,
    58.0,
    138.0,
    54.0,
    151.0,
    49.0,
    52.0,
    59.0,
    122.0,
    45.0,
    54.0,
    49.0,
    73.0,
    76.0,
    41.0,
    119.0,
    42.0,
    38.0,
    64.0,
    120.0,
    56.0,
    89.0,
    103.0,
    54.0,
    76.0,
    97.0,
    53.0,
    141.0,
    93.0,
    210.0,
    64.0,
    103.0,
    65.0,
    59.0,
    59.0,
    109.0,
    88.0,
    63.0,
    128.0,
    65.0,
    73.0,
    43.0,
    80.0,
    37.0,
    73.0,
    92.0,
    171.0,
    84.0,
    66.0,
    88.0,
    70.0,
    47.0,
    78.0,
    124.0,
    49.0,
    66.0,
    92.0,
    63.0,
    90.0,
    45.0,
    69.0,
    62.0,
    44.0,
    43.0,
    95.0,
    204.0,
    139.0,
    47.0,
    59.0,
    31.0,
    57.0,
    105.0,
    130.0,
    51.0,
    67.0,
    113.0,
    42.0,
    28.0,
    84.0,
    51.0,
    65.0,
    50.0,
    131.0,
    87.0,
    141.0,
    147.0,
    82.0,
    87.0,
    59.0,
    89.0,
    60.0,
    126.0,
    75.0,
    137.0,
    155.0,
    41.0,
    70.0,
    75.0,
    132.0,
    125.0,
    48.0,
    142.0,
    52.0,
    73.0,
    92.0,
    49.0,
    82.0,
    140.0,
    62.0,
    62.0,
    155.0,
    117.0,
    91.0,
    101.0,
    82.0,
    57.0,
    40.0,
    57.0,
    51.0,
    41.0,
    57.0,
    110.0,
    39.0,
    19.0,
    124.0,
    54.0,
    82.0,
    54.0,
    57.0,
    95.0,
    42.0,
    85.0,
    58.0,
    39.0,
    32.0,
    177.0,
    57.0,
    96.0,
    99.0,
    161.0,
    110.0,
    81.0,
    72.0,
    165.0,
    164.0,
    114.0,
    98.0,
    63.0,
    93.0,
    47.0,
    127.0,
    105.0,
    78.0,
    60.0,
    49.0,
    100.0,
    79.0,
    49.0,
    38.0,
    48.0,
    40.0,
    42.0,
    69.0,
    61.0,
    49.0,
    183.0,
    195.0,
    43.0,
    72.0,
    147.0,
    174.0,
    54.0,
    142.0,
    57.0,
    48.0,
    41.0,
    83.0,
    105.0,
    45.0,
    68.0,
    143.0,
    56.0,
    74.0,
    85.0,
    131.0,
    201.0,
    67.0,
    143.0,
    62.0,
    45.0,
    126.0,
    76.0,
    40.0,
    67.0,
    164.0,
    42.0,
    43.0,
    42.0,
    86.0,
    47.0,
    93.0,
    66.0,
    64.0,
    69.0
  ],
  "elapsed_s": 40.7,
  "head_stats": {
    "n_updates": 21984,
    "avg_loss": 0.5500990998222294,
    "W_d_norm": 7.375184299727971,
    "W_v_norm": 0.1928239572538518,
    "b_d_norm": 3.7935872077941895,
    "b_v_norm": 0.06693261116743088
  }
}